{"cameraMode":{"drawMode":0,"name":"Shaded","section":"Shading Mode"},"sceneLighting":false,"audioPlay":false,"sceneViewState":{"showFog":true,"showMaterialUpdate":false,"showSkybox":false,"showFlares":true,"showImageEffects":true,"showParticleSystems":true},"in2DMode":false,"pivot":{"x":0.7093364596366882,"y":0.24360638856887818,"z":-0.19957023859024049},"rotation":{"x":0.08979161083698273,"y":-0.8259685635566711,"z":0.1375371664762497,"w":0.5392606854438782},"size":0.5691481828689575,"orthographic":false}