{"cameraMode":{"drawMode":0,"name":"Shaded","section":"Shading Mode"},"sceneLighting":false,"audioPlay":false,"sceneViewState":{"showFog":true,"showMaterialUpdate":false,"showSkybox":false,"showFlares":true,"showImageEffects":true,"showParticleSystems":true},"in2DMode":false,"pivot":{"x":0.06564507633447647,"y":-0.08069005608558655,"z":-1.3102236986160279},"rotation":{"x":0.13624688982963563,"y":-0.6382377743721008,"z":0.11613986641168595,"w":0.7487347722053528},"size":0.22054004669189454,"orthographic":false}