{"cameraMode":{"drawMode":0,"name":"Shaded","section":"Shading Mode"},"sceneLighting":false,"audioPlay":false,"sceneViewState":{"showFog":true,"showMaterialUpdate":false,"showSkybox":false,"showFlares":true,"showImageEffects":true,"showParticleSystems":true},"in2DMode":false,"pivot":{"x":2.713381290435791,"y":1.1147563457489014,"z":-10.635856628417969},"rotation":{"x":0.1305314600467682,"y":-0.510164201259613,"z":0.078668974339962,"w":0.8464717268943787},"size":3.269868850708008,"orthographic":false}