{"cameraMode":{"drawMode":0,"name":"Shaded","section":"Shading Mode"},"sceneLighting":true,"audioPlay":false,"sceneViewState":{"showFog":true,"showMaterialUpdate":false,"showSkybox":true,"showFlares":true,"showImageEffects":true,"showParticleSystems":true},"in2DMode":false,"pivot":{"x":6.281000137329102,"y":1.7662584781646729,"z":-12.968953132629395},"rotation":{"x":-0.2181028127670288,"y":0.27686527371406557,"z":-0.06468033045530319,"w":-0.9335949420928955},"size":0.7051055431365967,"orthographic":false}