{"cameraMode":{"drawMode":0,"name":"Shaded","section":"Shading Mode"},"sceneLighting":true,"audioPlay":false,"sceneViewState":{"showFog":true,"showMaterialUpdate":false,"showSkybox":true,"showFlares":true,"showImageEffects":true,"showParticleSystems":true},"in2DMode":false,"pivot":{"x":8.957494735717774,"y":1.869734287261963,"z":-12.155264854431153},"rotation":{"x":0.08420030772686005,"y":-0.7675927877426148,"z":0.10308714210987091,"w":0.6269658803939819},"size":0.775972306728363,"orthographic":false}