{"cameraMode":{"drawMode":0,"name":"Shaded","section":"Shading Mode"},"sceneLighting":true,"audioPlay":false,"sceneViewState":{"showFog":true,"showMaterialUpdate":false,"showSkybox":true,"showFlares":true,"showImageEffects":true,"showParticleSystems":true},"in2DMode":false,"pivot":{"x":5.497961044311523,"y":3.551682949066162,"z":-13.099437713623047},"rotation":{"x":-0.17914333939552308,"y":0.5940114855766296,"z":-0.13783146440982819,"w":-0.7720542550086975},"size":5.235330104827881,"orthographic":false}