{"cameraMode":{"drawMode":0,"name":"Shaded","section":"Shading Mode"},"sceneLighting":false,"audioPlay":false,"sceneViewState":{"showFog":true,"showMaterialUpdate":false,"showSkybox":false,"showFlares":true,"showImageEffects":true,"showParticleSystems":true},"in2DMode":false,"pivot":{"x":9.19642448425293,"y":1.4871810674667359,"z":-12.396161079406739},"rotation":{"x":0.21395888924598695,"y":-0.7365607023239136,"z":0.27095484733581545,"w":0.5816252827644348},"size":0.4800032377243042,"orthographic":false}